tag,Policy,theta,chi,eta,rho,alpha,horison (weeks),Economic Loss,Fatalities,Output Loss,Future Output Loss,FR_y,FR_m,FR_o,d_y,d_m,d_o,sum(ly)/T,sum(lm)/T,sum(lo)/T
Base,Uniform,0.75,35,0.9,1,2,79,0.001713964399566196,0.000996228444718432,5.230842845192276e-5,0.0016616559711142731,0.00056365573293629,0.0011928001156924185,0.0018445851246769974,0.00029873753845623374,0.0003101280300800288,0.00038736287618216944,0.0048940935198030205,0.0048940935198030205,0.0048940935198030205
Base,Uniform,0.75,35,0.9,1,2,79,155.57341308340295,258.1915005539671,86.08706293789878,69.48635014550416,162.38456285186479,331.01471564090497,409.82788655163563,86.06381831148835,86.0638260666353,86.06385617584348,0.013170546871016424,0.013170546871016424,0.01317054687101644
Base,Uniform,0.75,35,0.9,1,2,79,0.09980517778773151,0.0001268773723357779,0.08434118783485849,0.015463989952873028,1.381794923651304e-5,7.905239960112606e-5,0.00047142969211491994,7.323513095351912e-6,2.0553623896292777e-5,9.900023534413319e-5,0.16781003426882618,0.16781003426882618,0.16781003426882626
Base,SemiTargeted,0.75,35,0.9,1,2,79,0.001714058219449821,0.0009962281272408668,5.290840227030063e-5,0.0016611498171795205,0.0005637030667479439,0.0011928772824705439,0.0018443686115338811,0.00029876262537641027,0.00031014809344234143,0.000387317408422115,0.00448946122934303,0.00448946122934303,0.006488301050419928
Base,SemiTargeted,0.75,35,0.9,1,2,79,0.09979043610269049,0.00011811007998550901,0.08315601862675234,0.016634417475938152,1.4005883400617944e-5,8.522164923971771e-5,0.0004215682522897852,7.42311820232751e-6,2.2157628802326605e-5,8.852933298085489e-5,0.114855802510384,0.11485580251038001,0.4551771139378605
Base,SemiTargeted,0.75,35,0.9,1,2,79,391.4480254131514,594.945088500075,197.88898697397116,193.55903843918026,374.2017162280702,762.7958242550434,944.2441171089833,198.32690960087723,198.3269143063113,198.2912645928865,0.004487034538068638,0.004487034538068638,0.0675469845561877
