tag,Policy,theta,chi,eta,rho,alpha,horison (weeks),Economic Loss,Fatalities,Output Loss,Future Output Loss,FR_y,FR_m,FR_o,d_y,d_m,d_o,sum(ly)/T,sum(lm)/T,sum(lo)/T
Base,Uniform,0.75,35,0.9,1,2,79,0.0016908308522426254,0.000996229012929264,2.8246177871143836e-5,0.0016625846743714816,0.0005635711059810541,0.0011926745340507746,0.0018449568947909703,0.0002986926861699587,0.0003100953788532014,0.0003874409479061037,1.270883862999961e-8,1.270883862999961e-8,1.270883862999961e-8
Base,Uniform,0.75,35,0.9,1,2,79,138775.69548085908,226281.3375770778,136070.11819354794,2705.5772873111505,141428.02828896986,287658.65885345446,364443.95848583616,74956.85499315403,74791.25130189816,76533.23128202559,1.4403239110051682e-8,1.4403239110051682e-8,1.4403239110051682e-8
Base,Uniform,0.75,35,0.9,1,2,79,0.09985652197200515,0.00020799949441797168,0.08843687392823749,0.011419648043767659,1.3687865067251884e-5,0.0001323659183023218,0.0007920466055891643,7.254568485643499e-6,3.441513875860367e-5,0.0001663297871737245,0.002762746154946376,0.002762746154946376,0.002762746154946376
Base,SemiTargeted,0.75,35,0.9,1,2,79,0.0016908315357679418,0.0009962290106768168,2.8250105337752503e-5,0.0016625814304301893,0.0005635714418740972,0.0011926750738406025,0.0018449553680237555,0.00029869286419327156,0.0003100955191985567,0.0003874406272849886,1.0098156221753248e-8,1.0098156221753248e-8,2.6100995182464782e-8
Base,SemiTargeted,0.75,35,0.9,1,2,79,0.09967279415663602,0.00016091533177188522,0.07369515936840229,0.025977634788233735,1.4754775602944511e-5,0.00018203319517086226,0.0005036508093233355,7.820031069560591e-6,4.732863074442419e-5,0.00010576666995790045,0.000303505520663196,0.000303505520663196,0.01264859633585599
Base,SemiTargeted,0.75,35,0.9,1,2,79,91.91649328618394,139.16904801004478,47.91742799370007,43.99906529248386,87.52758993415055,178.4211196221881,220.90444877702885,46.38962266509979,46.389491101768904,46.38993424317606,1.0219005294293622e-8,1.0219005294293622e-8,7.589270924957195e-8
